dmt_id,std_code,cvt_code,rb,formula,pixclk_khz,h_freq_hz,v_freq_mhz,interlaced,h_pol,v_pol,h_total,h_active,h_fp,h_sync,h_bp,v_total,v_active,v_fp,v_sync,v_bp,h_border,v_border
0x01,None,None,false,NO_CVT,31500,37861,85080,false,true,false,832,640,32,64,96,445,350,32,3,60,0,0
0x02,0x3119,None,false,NO_CVT,31500,37861,85080,false,false,true,832,640,32,64,96,445,400,1,3,41,0,0
0x03,None,None,false,NO_CVT,35500,37927,85039,false,false,true,936,720,36,72,108,446,400,1,3,42,0,0
0x04,0x3140,None,false,NO_CVT,25175,31469,59940,false,false,false,800,640,8,96,40,525,480,2,2,25,8,8
0x05,0x314C,None,false,NO_CVT,31500,37861,72809,false,false,false,832,640,16,40,120,520,480,1,3,20,8,8
0x06,0x314F,None,false,NO_CVT,31500,37500,75000,false,false,false,840,640,16,64,120,500,480,1,3,16,0,0
0x07,0x3159,None,false,NO_CVT,36000,43269,85008,false,false,false,832,640,56,56,80,509,480,1,3,25,0,0
0x08,None,None,false,NO_CVT,36000,35156,56250,false,true,true,1024,800,24,72,128,625,600,1,2,22,0,0
0x09,0x4540,None,false,NO_CVT,40000,37879,60317,false,true,true,1056,800,40,128,88,628,600,1,4,23,0,0
0x0A,0x454C,None,false,NO_CVT,50000,48077,72188,false,true,true,1040,800,56,120,64,666,600,37,6,23,0,0
0x0B,0x454F,None,false,NO_CVT,49500,46875,75000,false,true,true,1056,800,16,80,160,625,600,1,3,21,0,0
0x0C,0x4559,None,false,NO_CVT,56250,53674,85061,false,true,true,1048,800,32,64,152,631,600,1,3,27,0,0
0x0D,None,None,true,CVT_V1,73250,76302,119972,false,true,false,960,800,48,32,80,636,600,3,4,29,0,0
0x0E,None,None,false,NO_CVT,33750,31020,60000,false,true,true,1088,848,16,112,112,517,480,6,8,23,0,0
0x0F,None,None,false,NO_CVT,44900,35522,86957,true,true,true,1264,1024,8,176,56,817,768,0,4,20,0,0
0x10,0x6140,None,false,NO_CVT,65000,48363,60004,false,false,false,1344,1024,24,136,160,806,768,3,6,29,0,0
0x11,0x614A,None,false,NO_CVT,75000,56476,70069,false,false,false,1328,1024,24,136,144,806,768,3,6,29,0,0
0x12,0x614F,None,false,NO_CVT,78750,60023,75029,false,true,true,1312,1024,16,96,176,800,768,1,3,28,0,0
0x13,0x6159,None,false,NO_CVT,94500,68677,84997,false,true,true,1376,1024,48,96,208,808,768,1,3,36,0,0
0x14,None,None,true,CVT_V1,115500,97551,119989,false,true,false,1184,1024,48,32,80,813,768,3,4,38,0,0
0x15,0x714F,None,false,NO_CVT,108000,67500,75000,false,true,true,1600,1152,64,128,256,900,864,1,3,32,0,0
0x55,0x81C0,None,false,NO_CVT,74250,45000,60000,false,true,true,1650,1280,110,40,220,750,720,5,5,20,0,0
0x16,None,0x7F1C21,true,CVT_V1,68250,47396,59995,false,true,false,1440,1280,48,32,80,790,768,3,7,12,0,0
0x17,None,0x7F1C28,false,CVT_V1,79500,47776,59870,false,false,true,1664,1280,64,128,192,798,768,3,7,20,0,0
0x18,None,0x7F1C44,false,CVT_V1,102250,60289,74893,false,false,true,1696,1280,80,128,208,805,768,3,7,27,0,0
0x19,None,0x7F1C62,false,CVT_V1,117500,68633,84837,false,false,true,1712,1280,80,136,216,809,768,3,7,31,0,0
0x1A,None,None,true,CVT_V1,140250,97396,119798,false,true,false,1440,1280,48,32,80,813,768,3,7,35,0,0
0x1B,None,0x8F1821,true,CVT_V1,71000,49306,59910,false,true,false,1440,1280,48,32,80,823,800,3,6,14,0,0
0x1C,0x8100,0x8F1828,false,CVT_V1,83500,49702,59810,false,false,true,1680,1280,72,128,200,831,800,3,6,22,0,0
0x1D,0x810F,0x8F1844,false,CVT_V1,106500,62795,74934,false,false,true,1696,1280,80,128,208,838,800,3,6,29,0,0
0x1E,0x8119,0x8F1862,false,CVT_V1,122500,71554,84880,false,false,true,1712,1280,80,136,216,843,800,3,6,34,0,0
0x1F,None,None,true,CVT_V1,146250,101563,119909,false,true,false,1440,1280,48,32,80,847,800,3,6,38,0,0
0x20,0x8140,None,false,NO_CVT,108000,60000,60000,false,true,true,1800,1280,96,112,312,1000,960,1,3,36,0,0
0x21,0x8159,None,false,NO_CVT,148500,85938,85002,false,true,true,1728,1280,64,160,224,1011,960,1,3,47,0,0
0x22,None,None,true,CVT_V1,175500,121875,119838,false,true,false,1440,1280,48,32,80,1017,960,3,4,50,0,0
0x23,0x8180,None,false,NO_CVT,108000,63981,60020,false,true,true,1688,1280,48,112,248,1066,1024,1,3,38,0,0
0x24,0x818F,None,false,NO_CVT,135000,79976,75025,false,true,true,1688,1280,16,144,248,1066,1024,1,3,38,0,0
0x25,0x8199,None,false,NO_CVT,157500,91146,85024,false,true,true,1728,1280,64,160,224,1072,1024,1,3,44,0,0
0x26,None,None,true,CVT_V1,187250,130035,119958,false,true,false,1440,1280,48,32,80,1084,1024,3,7,50,0,0
0x27,None,None,false,NO_CVT,85500,47712,60015,false,true,true,1792,1360,64,112,256,795,768,3,6,18,0,0
0x28,None,None,true,CVT_V1,148250,97533,119967,false,true,false,1520,1360,48,32,80,813,768,3,5,37,0,0
0x51,None,None,false,NO_CVT,85500,47712,59790,false,true,true,1792,1366,70,143,213,798,768,3,3,24,0,0
0x56,None,None,true,NO_CVT,72000,48000,60000,false,true,true,1500,1366,14,56,64,800,768,1,3,28,0,0
0x29,None,0x0C2021,true,CVT_V1,101000,64744,59948,false,true,false,1560,1400,48,32,80,1080,1050,3,4,23,0,0
0x2A,0x9040,0x0C2028,false,CVT_V1,121750,65316,59978,false,false,true,1864,1400,88,144,232,1089,1050,3,4,32,0,0
0x2B,0x904F,0x0C2044,false,CVT_V1,156000,82278,74867,false,false,true,1896,1400,104,144,248,1099,1050,3,4,42,0,0
0x2C,0x9059,0x0C2062,false,CVT_V1,179500,93881,84960,false,false,true,1912,1400,104,152,256,1105,1050,3,4,48,0,0
0x2D,None,None,true,CVT_V1,208000,133333,119904,false,true,false,1560,1400,48,32,80,1112,1050,3,4,55,0,0
0x2E,None,0xC11821,true,CVT_V1,88750,55469,59901,false,true,false,1600,1440,48,32,80,926,900,3,6,17,0,0
0x2F,0x9500,0xC11828,false,CVT_V1,106500,55935,59887,false,false,true,1904,1440,80,152,232,934,900,3,6,25,0,0
0x30,0x950F,0xC11844,false,CVT_V1,136750,70635,74984,false,false,true,1936,1440,96,152,248,942,900,3,6,33,0,0
0x31,0x9519,0xC11868,false,CVT_V1,157000,80430,84842,false,false,true,1952,1440,104,152,256,948,900,3,6,39,0,0
0x32,None,None,true,CVT_V1,182750,114219,119852,false,true,false,1600,1440,48,32,80,953,900,3,6,44,0,0
0x53,0xA9C0,None,true,NO_CVT,108000,60000,60000,false,true,true,1800,1600,24,80,96,1000,900,1,3,96,0,0
0x33,0xA940,None,false,NO_CVT,162000,75000,60000,false,true,true,2160,1600,64,192,304,1250,1200,1,3,46,0,0
0x34,0xA945,None,false,NO_CVT,175500,81250,65000,false,true,true,2160,1600,64,192,304,1250,1200,1,3,46,0,0
0x35,0xA94A,None,false,NO_CVT,189000,87500,70000,false,true,true,2160,1600,64,192,304,1250,1200,1,3,46,0,0
0x36,0xA94F,None,false,NO_CVT,202500,93750,75000,false,true,true,2160,1600,64,192,304,1250,1200,1,3,46,0,0
0x37,0xA959,None,false,NO_CVT,229500,106250,85000,false,true,true,2160,1600,64,192,304,1250,1200,1,3,46,0,0
0x38,None,None,true,CVT_V1,268250,152415,119917,false,true,false,1760,1600,48,32,80,1271,1200,3,4,64,0,0
0x39,None,0x0C2821,true,CVT_V1,119000,64674,59883,false,true,false,1840,1680,48,32,80,1080,1050,3,6,21,0,0
0x3A,0xB300,0x0C2828,false,CVT_V1,146250,65290,59954,false,false,true,2240,1680,104,176,280,1089,1050,3,6,30,0,0
0x3B,0xB30F,0x0C2844,false,CVT_V1,187000,82306,74892,false,false,true,2272,1680,120,176,296,1099,1050,3,6,40,0,0
0x3C,0xB319,0x0C2868,false,CVT_V1,214750,93859,84941,false,false,true,2288,1680,128,176,304,1105,1050,3,6,46,0,0
0x3D,None,None,true,CVT_V1,245500,133424,119986,false,true,false,1840,1680,48,32,80,1112,1050,3,6,53,0,0
0x3E,0xC140,None,false,NO_CVT,204750,83640,60000,false,false,true,2448,1792,128,200,328,1394,1344,1,3,46,0,0
0x3F,0xC14F,None,false,NO_CVT,261000,106270,74997,false,false,true,2456,1792,96,216,352,1417,1344,1,3,69,0,0
0x40,None,None,true,CVT_V1,333250,170722,119974,false,true,false,1952,1792,48,32,80,1423,1344,3,4,72,0,0
0x41,0xC940,None,false,NO_CVT,218250,86333,59995,false,false,true,2528,1856,96,224,352,1439,1392,1,3,43,0,0
0x42,0xC94F,None,false,NO_CVT,288000,112500,75000,false,false,true,2560,1856,128,224,352,1500,1392,1,3,104,0,0
0x43,None,None,true,CVT_V1,356500,176835,119970,false,true,false,2016,1856,48,32,80,1474,1392,3,4,75,0,0
0x52,0xD1C0,None,false,NO_CVT,148500,67500,60000,false,true,true,2200,1920,88,44,148,1125,1080,4,5,36,0,0
0x44,None,0x572821,true,CVT_V1,154000,74038,59950,false,true,false,2080,1920,48,32,80,1235,1200,3,6,26,0,0
0x45,0xD100,0x572828,false,CVT_V1,193250,74556,59885,false,false,true,2592,1920,136,200,336,1245,1200,3,6,36,0,0
0x46,0xD10F,0x572844,false,CVT_V1,245250,94038,74930,false,false,true,2608,1920,136,208,344,1255,1200,3,6,46,0,0
0x47,0xD119,0x572862,false,CVT_V1,281250,107184,84932,false,false,true,2624,1920,144,208,352,1262,1200,3,6,53,0,0
0x48,None,None,true,CVT_V1,317000,152404,119909,false,true,false,2080,1920,48,32,80,1271,1200,3,6,62,0,0
0x49,0xD140,None,false,NO_CVT,234000,90000,60000,false,false,true,2600,1920,128,208,344,1500,1440,1,3,56,0,0
0x4A,0xD14F,None,false,NO_CVT,297000,112500,75000,false,false,true,2640,1920,144,224,352,1500,1440,1,3,56,0,0
0x4B,None,None,true,CVT_V1,380500,182933,119956,false,true,false,2080,1920,48,32,80,1525,1440,3,4,78,0,0
0x54,0xE1C0,None,true,NO_CVT,162000,72000,60000,false,true,true,2250,2048,26,80,96,1200,1152,1,3,44,0,0
0x4C,None,0x1F3821,true,CVT_V1,268500,98713,59972,false,true,false,2720,2560,48,32,80,1646,1600,3,6,37,0,0
0x4D,None,0x1F3828,false,CVT_V1,348500,99458,59987,false,false,true,3504,2560,192,280,472,1658,1600,3,6,49,0,0
0x4E,None,0x1F3844,false,CVT_V1,443250,125354,74972,false,false,true,3536,2560,208,280,488,1672,1600,3,6,63,0,0
0x4F,None,0x1F3862,false,CVT_V1,505250,142887,84951,false,false,true,3536,2560,208,280,488,1682,1600,3,6,73,0,0
0x50,None,None,true,CVT_V1,552750,203217,119963,false,true,false,2720,2560,48,32,80,1694,1600,3,6,85,0,0
0x57,None,None,true,CVT_V2,556744,133320,60000,false,true,false,4176,4096,8,32,40,2222,2160,48,8,6,0,0
0x58,None,None,true,CVT_V2,556188,133187,59940,false,true,false,4176,4096,8,32,40,2222,2160,48,8,6,0,0
